;response;response_exp;cum.response;cum.response_exp;point.pred;point.pred_exp;point.pred.lower;point.pred.lower_exp;point.pred.upper;point.pred.upper_exp;cum.pred;cum.pred_exp;cum.pred.lower;cum.pred.lower_exp;cum.pred.upper;cum.pred.upper_exp;point.effect;point.effect.lower;point.effect.upper;cum.effect;cum.effect.lower;cum.effect.upper
1;3,761200116;43;3,761200116;43;3,668422168;39,1900218;3,315619323;27,53944453;4,051363562;57,47577539;3,761200116;39;3,761200116;28;3,761200116;57;0,092777947;-0,290163446;0,445580792;0;0;0
2;4,127134385;62;7,888334501;105;4,035187277;56,55351041;3,679357287;39,620921;4,390216125;80,65784925;7,888334501;96;7,888334501;67;7,888334501;138;0,091947108;-0,26308174;0,447777098;0;0;0
3;4,094344562;60;11,98267906;165;4,097147589;60,16841756;3,772148777;43,47337916;4,437211486;84,53887485;11,98267906;156;11,98267906;111;11,98267906;223;-0,002803027;-0,342866924;0,322195785;0;0;0
4;4,356708827;78;16,33938789;243;4,017832711;55,58051613;3,678941727;39,60445957;4,346405027;77,20043;16,33938789;211;16,33938789;150;16,33938789;300;0,338876116;0,0103038;0,677767099;0;0;0
5;4,219507705;68;20,55889559;311;4,102148164;60,47004778;3,77472233;43,58540429;4,417083163;82,85426019;20,55889559;272;20,55889559;194;20,55889559;383;0,117359541;-0,197575458;0,444785375;0;0;0
6;3,912023005;50;24,4709186;361;4,036387207;56,62141141;3,706842284;40,72500526;4,36675998;78,78794317;24,4709186;329;24,4709186;235;24,4709186;462;-0,124364202;-0,454736974;0,205180722;0;0;0
7;4,060443011;58;28,53136161;419;4,080486328;59,17424096;3,724467102;41,44913869;4,398080005;81,29463347;28,53136161;388;28,53136161;276;28,53136161;543;-0,020043318;-0,337636995;0,335975909;0;0;0
8;4,007333185;55;32,5386948;474;4,051995959;57,51213441;3,697858559;40,36078151;4,392373511;80,83204724;32,5386948;445;32,5386948;316;32,5386948;624;-0,044662774;-0,385040326;0,309474626;0;0;0
9;4,605170186;100;37,14386498;574;4,157558133;63,91525935;3,822684508;45,72679765;4,496820598;89,73138511;37,14386498;509;37,14386498;362;37,14386498;713;0,447612053;0,108349588;0,782485678;0;0;0
10;3,931825633;51;41,07569061;625;4,011126834;55,20904694;3,682974569;39,76450057;4,369551709;79,00820506;41,07569061;564;41,07569061;402;41,07569061;792;-0,079301201;-0,437726076;0,248851064;0;0;0
11;4,17438727;65;45,25007788;690;4,15385825;63,67921727;3,825277344;45,84551356;4,478245223;88,07997627;45,25007788;628;45,25007788;448;45,25007788;880;0,02052902;-0,303857953;0,349109926;0;0;0
12;4,234106505;69;49,48418439;759;4,168233287;64,60121942;3,828274089;45,98310694;4,493835806;89,46395495;49,48418439;693;49,48418439;494;49,48418439;970;0,065873218;-0,259729302;0,405832416;0;0;0
13;4,127134385;62;53,61131877;821;4,094885255;60,03245034;3,780482103;43,83717069;4,427194295;83,69626012;53,61131877;753;53,61131877;538;53,61131877;1054;0,03224913;-0,300059909;0,346652282;0;0;0
14;4,143134726;63;57,7544535;884;4,183681042;65,6069111;3,837986087;46,43187045;4,509008234;90,83169005;57,7544535;818;57,7544535;584;57,7544535;1144;-0,040546316;-0,365873508;0,30514864;0;0;0
15;3,891820298;49;61,6462738;933;4,165197882;64,40542585;3,826915103;45,92065901;4,500520418;90,06399001;61,6462738;883;61,6462738;630;61,6462738;1235;-0,273377584;-0,60870012;0,064905195;0;0;0
16;4,204692619;67;65,85096642;1000;4,159659776;64,04972764;3,839732933;46,51305067;4,492082298;89,30721663;65,85096642;947;65,85096642;676;65,85096642;1324;0,045032843;-0,287389679;0,364959687;0;0;0
17;3,828641396;46;69,67960781;1046;4,090835238;59,78980955;3,717292506;41,15282211;4,42211354;83,27209837;69,67960781;1007;69,67960781;718;69,67960781;1407;-0,262193841;-0,593472143;0,111348891;0;0;0
18;3,931825633;51;73,61143345;1097;4,038830747;56,75993726;3,716255012;41,11014847;4,370155768;79,05594512;73,61143345;1063;73,61143345;759;73,61143345;1486;-0,107005114;-0,438330135;0,21557062;0;0;0
19;3,850147602;47;77,46158105;1144;4,045813052;57,15763925;3,701776551;40,51922491;4,374599835;79,40805686;77,46158105;1120;77,46158105;799;77,46158105;1566;-0,19566545;-0,524452233;0,148371051;0;0;0
20;3,891820298;49;81,35340135;1193;3,903131966;49,55741844;3,578565693;35,82212405;4,246987508;69,89453816;81,35340135;1170;81,35340135;835;81,35340135;1635;-0,011311668;-0,35516721;0,313254605;0;0;0
21;3,970291914;53;85,32369326;1246;4,032575541;56,40600029;3,671878923;39,32572649;4,345494517;77,13017025;85,32369326;1226;85,32369326;874;85,32369326;1713;-0,062283628;-0,375202604;0,298412991;0;0;0
22;3,988984047;54;89,31267731;1300;3,988469414;53,97221699;3,65943196;38,83927436;4,326340582;75,66688259;89,31267731;1280;89,31267731;913;89,31267731;1788;0,000514633;-0,337356536;0,329552086;0;0;0
23;4,060443011;58;93,37312032;1358;3,968104846;52,88421207;3,645486893;38,301417;4,325252297;75,58458023;93,37312032;1333;93,37312032;951;93,37312032;1864;0,092338165;-0,264809287;0,414956118;0;0;0
24;3,931825633;51;97,30494595;1409;4,014726234;55,40812447;3,674129681;39,41433887;4,337978518;76,55263306;97,30494595;1389;97,30494595;991;97,30494595;1940;-0,082900601;-0,406152885;0,257695952;0;0;0
25;3,912023005;50;101,216969;1459;4,015753901;55,46509482;3,663457341;38,99593231;4,348995979;77,40071194;101,216969;1444;101,216969;1030;101,216969;2018;-0,103730895;-0,436972973;0,248565664;0;0;0
26;3,891820298;49;105,1087893;1508;3,950380173;51,95511503;3,612856451;37,07179547;4,305596878;74,11343892;105,1087893;1496;105,1087893;1067;105,1087893;2092;-0,058559875;-0,41377658;0,278963847;0;0;0
27;3,828641396;46;108,9374307;1554;3,944745333;51,66317951;3,608750823;36,91990449;4,268659477;71,42582348;108,9374307;1548;108,9374307;1104;108,9374307;2163;-0,116103936;-0,440018081;0,219890574;0;0;0
28;4,127134385;62;113,064565;1616;3,958675663;52,38790074;3,605627161;36,80475913;4,296154421;73,41691957;113,064565;1600;113,064565;1141;113,064565;2237;0,168458722;-0,169020036;0,521507224;0;0;0
29;3,931825633;51;116,9963907;1667;3,884171332;48,62663042;3,571270214;35,56173548;4,237403168;69,22784514;116,9963907;1649;116,9963907;1176;116,9963907;2306;0,047654301;-0,305577535;0,360555419;0;0;0
30;3,951243719;52;120,9476344;1719;4,073552894;58,7653793;3,74978399;42,51189802;4,450681401;85,68531015;120,9476344;1708;120,9476344;1219;120,9476344;2392;-0,122309175;-0,499437682;0,201459728;0;0;0
31;3,891820298;49;124,8394547;1768;3,955967535;52,24621952;3,628548999;37,65813497;4,324043048;75,49323491;124,8394547;1760;124,8394547;1256;124,8394547;2467;-0,064147237;-0,43222275;0,263271299;0;0;0
32;3,80666249;45;128,6461172;1813;3,99338258;54,23804396;3,639423371;38,06987821;4,315971494;74,88633972;128,6461172;1814;128,6461172;1294;128,6461172;2542;-0,18672009;-0,509309004;0,167239119;0;0;0
33;3,931825633;51;132,5779428;1864;3,9612856;52,52480845;3,621639595;37,39883653;4,282043881;72,38824189;132,5779428;1867;132,5779428;1332;132,5779428;2614;-0,029459967;-0,350218249;0,310186038;0;0;0
34;3,871201011;48;136,4491438;1912;3,982354782;53,64320367;3,675731232;39,47751351;4,312393393;74,61886763;136,4491438;1920;136,4491438;1371;136,4491438;2689;-0,111153771;-0,441192382;0,195469779;0;0;0
35;4,127134385;62;140,5762782;1974;3,989619801;54,03434165;3,647362878;38,37333734;4,301076653;73,77918554;140,5762782;1974;140,5762782;1410;140,5762782;2763;0,137514584;-0,173942268;0,479771507;0;0;0
36;3,970291914;53;144,5465701;2027;4,011151383;55,2104023;3,686254478;39,89513866;4,352538112;77,67536172;144,5465701;2029;144,5465701;1450;144,5465701;2841;-0,04085947;-0,382246199;0,284037435;0;0;0
37;3,951243719;52;148,4978138;2079;3,975101442;53,25551899;3,655384316;38,6823845;4,303204499;73,93634342;148,4978138;2083;148,4978138;1488;148,4978138;2914;-0,023857724;-0,35196078;0,295859403;0;0;0
38;4,094344562;60;152,5921584;2139;3,87126534;48,00308788;3,519601464;33,77096685;4,199675337;66,66468396;152,5921584;2131;152,5921584;1522;152,5921584;2981;0,223079223;-0,105330775;0,574743098;0;0;0
39;3,737669618;42;156,329828;2181;4,011735124;55,24264028;3,680885888;39,6815319;4,363221893;78,50967711;156,329828;2186;156,329828;1562;156,329828;3060;-0,274065506;-0,625552274;0,05678373;0;0;0
40;3,850147602;47;160,1799756;2228;3,946389279;51,74818084;3,619441585;37,3167238;4,303888118;73,98690497;160,1799756;2238;160,1799756;1599;160,1799756;3134;-0,096241677;-0,453740516;0,230706016;0;0;0
41;4,094344562;60;164,2743202;2288;4,037746045;56,69840305;3,711378088;40,91014549;4,360109824;78,2657294;164,2743202;2294;164,2743202;1640;164,2743202;3212;0,056598517;-0,265765262;0,382966474;0;0;0
42;4,007333185;55;168,2816534;2343;3,987879045;53,94036285;3,654217477;38,63727473;4,33944648;76,6650919;168,2816534;2348;168,2816534;1679;168,2816534;3289;0,019454141;-0,332113294;0,353115708;0;0;0
43;4,043051268;57;172,3247046;2400;4,039677602;56,80802504;3,703373553;40,58398593;4,339368995;76,65915176;172,3247046;2405;172,3247046;1719;172,3247046;3365;0,003373666;-0,296317727;0,339677714;0;0;0
44;4,094344562;60;176,4190492;2460;4,051681191;57,49403428;3,700542473;40,46925186;4,385644178;80,28992759;176,4190492;2463;176,4190492;1760;176,4190492;3445;0,042663372;-0,291299616;0,39380209;0;0;0
45;3,688879454;40;180,1079286;2500;4,013927557;55,36388891;3,651845486;38,54573606;4,360981978;78,33401892;180,1079286;2518;180,1079286;1798;180,1079286;3524;-0,325048102;-0,672102523;0,037033968;0;0;0
46;4,025351691;56;184,1332803;2556;3,953866769;52,13657769;3,628242563;37,64659694;4,298463529;73,58664303;184,1332803;2570;184,1332803;1836;184,1332803;3597;0,071484921;-0,273111838;0,397109127;0;0;0
47;4,094344562;60;188,2276249;2616;3,92930508;50,8716137;3,609988391;36,96562367;4,265914462;71,23002737;188,2276249;2621;188,2276249;1873;188,2276249;3669;0,165039482;-0,1715699;0,484356171;0;0;0
48;4,077537444;59;192,3051623;2675;3,980695299;53,5542575;3,636071081;37,94247061;4,324149502;75,50127184;192,3051623;2675;192,3051623;1911;192,3051623;3744;0,096842145;-0,246612058;0,441466363;0;0;0
49;4,219507705;68;196,5246701;2743;4,100061337;60,3439888;3,772137432;43,47288594;4,443358226;85,06011369;196,5246701;2735;196,5246701;1954;196,5246701;3829;0,119446368;-0,223850521;0,447370273;0;0;0
50;4,007333185;55;200,5320032;2798;4,03834025;56,7321035;3,690126559;40,04991533;4,375453676;79,47588771;200,5320032;2792;200,5320032;1994;200,5320032;3909;-0,031007065;-0,368120491;0,317206626;0;0;0
51;4,219507705;68;204,7515109;2866;4,053282681;57,58618418;3,710654525;40,8805551;4,384314441;80,18323404;204,7515109;2849;204,7515109;2035;204,7515109;3989;0,166225024;-0,164806736;0,508853181;0;0;0
52;4,158883083;64;208,910394;2930;3,811858926;45,23444825;3,461979722;31,88002768;4,155619021;63,79144056;208,910394;2894;208,910394;2067;208,910394;4053;0,347024157;0,003264062;0,696903361;0;0;0
53;3,555348061;35;212,4657421;2965;3,804802022;44,91635677;3,442362017;31,26070935;4,130497006;62,20883343;212,4657421;2939;212,4657421;2098;212,4657421;4115;-0,24945396;-0,575148945;0,112986045;0;0;0
54;4,17438727;65;216,6401294;3030;4,086400326;59,52523418;3,753616928;42,67515617;4,427504278;83,7222086;216,6401294;2999;216,6401294;2141;216,6401294;4199;0,087986943;-0,253117008;0,420770342;0;0;0
55;4,248495242;70;220,8886246;3100;4,038237915;56,72629814;3,703376744;40,58411541;4,36290114;78,48449897;220,8886246;3056;220,8886246;2182;220,8886246;4277;0,210257327;-0,114405898;0,545118498;0;0;0
56;4,127134385;62;225,015759;3162;4,107900862;60,81891616;3,757955722;42,86071715;4,422312019;83,28862779;225,015759;3116;225,015759;2224;225,015759;4360;0,019233523;-0,295177634;0,369178663;0;0;0
57;4,262679877;71;229,2784389;3233;4,118386472;61,45999481;3,801720452;44,77815695;4,482112432;88,42125944;229,2784389;3178;229,2784389;2269;229,2784389;4449;0,144293405;-0,219432555;0,460959425;0;0;0
58;4,007333185;55;233,285772;3288;4,038648525;56,7495953;3,674693882;39,43658275;4,377489397;79,63784323;233,285772;3235;233,285772;2309;233,285772;4528;-0,03131534;-0,370156212;0,332639304;0;0;0
59;3,951243719;52;237,2370158;3340;4,060693093;58,01450661;3,728895661;41,6331057;4,401998651;81,61382335;237,2370158;3293;237,2370158;2350;237,2370158;4610;-0,109449375;-0,450754933;0,222348058;0;0;0
60;4,219507705;68;241,4565235;3408;4,083887746;59,37585998;3,72030982;41,27718062;4,402475058;81,65271394;241,4565235;3352;241,4565235;2392;241,4565235;4692;0,135619959;-0,182967352;0,499197885;0;0;0
61;4,394449155;81;245,8509726;3489;4,201651267;66,79653892;3,850847595;47,03291121;4,551865074;94,80906946;245,8509726;3419;245,8509726;2439;245,8509726;4786;0,192797888;-0,157415919;0,543601559;0;0;0
62;4,143134726;63;249,9941074;3552;4,195119497;66,36166111;3,883413013;48,58976991;4,564937007;96,05654293;249,9941074;3485;249,9941074;2487;249,9941074;4883;-0,05198477;-0,421802281;0,259721713;0;0;0
63;4,060443011;58;254,0545504;3610;4,096021743;60,10071527;3,770688641;43,4099484;4,414246879;82,61959488;254,0545504;3545;254,0545504;2531;254,0545504;4965;-0,035578732;-0,353803868;0,28975437;0;0;0
64;4,110873864;61;258,1654242;3671;4,058713131;57,89975373;3,709832967;40,84698318;4,384606855;80,20668418;258,1654242;3603;258,1654242;2571;258,1654242;5045;0,052160733;-0,273732991;0,401040897;0;0;0
65;3,828641396;46;261,9940656;3717;3,970251906;52,99787965;3,641353372;38,14342407;4,311764792;74,57197692;261,9940656;3656;261,9940656;2610;261,9940656;5120;-0,14161051;-0,483123396;0,187288024;0;0;0
66;4,025351691;56;266,0194173;3773;4,081689388;59,24547393;3,755105972;42,73874869;4,408283395;82,12836049;266,0194173;3715;266,0194173;2652;266,0194173;5202;-0,056337697;-0,382931704;0,270245718;0;0;0
67;4,17438727;65;270,1938046;3838;3,90806562;49,80252175;3,569044084;35,48265848;4,248398578;69,99323387;270,1938046;3765;270,1938046;2688;270,1938046;5272;0,26632165;-0,074011308;0,605343186;0;0;0
68;3,871201011;48;274,0650056;3886;3,997207425;54,44589328;3,673716772;39,3980677;4,309959858;74,43750078;274,0650056;3820;274,0650056;2727;274,0650056;5346;-0,126006414;-0,438758847;0,197484239;0;0;0
69;3,688879454;40;277,753885;3926;3,983925899;53,72754965;3,661883751;38,93461695;4,324323569;75,51441528;277,753885;3873;277,753885;2766;277,753885;5422;-0,295046445;-0,635444115;0,026995703;0;0;0
70;4,025351691;56;281,7792367;3982;4,030073431;56,26504271;3,700716888;40,47631095;4,377728325;79,65687322;281,7792367;3930;281,7792367;2807;281,7792367;5502;-0,004721741;-0,352376635;0,324634803;0;0;0
71;4,158883083;64;285,9381198;4046;4,070032032;58,55883835;3,740194557;42,10618141;4,375978172;79,51758339;285,9381198;3988;285,9381198;2849;285,9381198;5581;0,088851051;-0,217095089;0,418688527;0;0;0
72;4,007333185;55;289,945453;4101;4,012539864;55,28711414;3,699237129;40,41646006;4,347832954;77,31074536;289,945453;4044;289,945453;2889;289,945453;5658;-0,005206679;-0,340499769;0,308096056;0;0;0
73;3,931825633;51;293,8772786;4152;3,910942601;49,94600897;3,574265837;35,66842476;4,258225653;70,68445335;293,8772786;4094;293,8772786;2925;293,8772786;5729;0,020883031;-0,32640002;0,357559796;0;0;0
74;3,526360525;34;297,4036392;4186;3,869723431;47,92912853;3,549051543;34,78031421;4,200325761;66,70805839;297,4036392;4141;297,4036392;2960;297,4036392;5796;-0,343362906;-0,673965236;-0,022691019;0;0;0
75;3,583518938;36;300,9871581;4222;3,775889718;43,63631505;3,406129426;30,1483268;4,1090567;60,88925361;300,9871581;4185;300,9871581;2990;300,9871581;5857;-0,192370779;-0,525537761;0,177389513;0;0;0
76;4,143134726;63;305,1302928;4285;3,923308233;50,56745732;3,603668621;36,73274609;4,243304404;69,63758279;305,1302928;4236;305,1302928;3026;305,1302928;5926;0,219826493;-0,100169678;0,539466105;0;0;0
77;4,060443011;58;309,1907358;4343;4,017352834;55,55385072;3,720010131;41,26481216;4,343554293;76,98066554;309,1907358;4291;309,1907358;3068;309,1907358;6003;0,043090177;-0,283111283;0,34043288;0;0;0
78;3,871201011;48;313,0619369;4391;4,035396597;56,56534943;3,694832547;40,23883389;4,377931939;79,67309409;313,0619369;4348;313,0619369;3108;313,0619369;6083;-0,164195586;-0,506730928;0,176368464;0;0;0
79;3,970291914;53;317,0322288;4444;3,953952599;52,14105276;3,636066695;37,9423042;4,28695716;72,74478065;317,0322288;4400;317,0322288;3146;317,0322288;6156;0,016339314;-0,316665246;0,334225218;0;0;0
80;4,007333185;55;321,0395619;4499;4,070067037;58,56088818;3,750235239;42,53108581;4,386783776;80,38147798;321,0395619;4458;321,0395619;3188;321,0395619;6236;-0,062733851;-0,379450591;0,257097946;0;0;0
81;4,127134385;62;325,1666963;4561;3,984591436;53,76331922;3,688614764;39,98941381;4,284372836;72,55702727;325,1666963;4512;325,1666963;3228;325,1666963;6309;0,142542949;-0,157238451;0,438519621;0;0;0
82;4,060443011;58;329,2271393;4619;4,005477567;54,89803564;3,670146467;39,2576554;4,33746645;76,51344295;329,2271393;4567;329,2271393;3268;329,2271393;6385;0,054965443;-0,27702344;0,390296543;0;0;0
83;3,828641396;46;333,0557807;4665;3,988887167;53,99476875;3,661896274;38,93510454;4,359203431;78,19482204;333,0557807;4621;333,0557807;3307;333,0557807;6463;-0,16024577;-0,530562035;0,166745122;0;0;0
84;3,828641396;46;336,8844221;4711;4,01911002;55,65155499;3,703511385;40,58958004;4,364100759;78,57870694;336,8844221;4677;336,8844221;3347;336,8844221;6542;-0,190468623;-0,535459362;0,125130012;0;0;0
85;4,043051268;57;340,9274734;4768;3,991843499;54,15463138;3,662177198;38,94604389;4,321844431;75,32743647;340,9274734;4731;340,9274734;3386;340,9274734;6617;0,051207769;-0,278793163;0,38087407;0;0;0
86;4,127134385;62;345,0546078;4830;3,945114129;51,68223623;3,620098266;37,341237;4,286273773;72,69508479;345,0546078;4783;345,0546078;3423;345,0546078;6690;0,182020256;-0,159139388;0,507036119;0;0;0
87;4,077537444;59;349,1321452;4889;4,005865004;54,91930928;3,65804547;38,7854614;4,313623806;74,7107362;349,1321452;4838;349,1321452;3462;349,1321452;6765;0,07167244;-0,236086362;0,419491974;0;0;0
88;4,043051268;57;353,1751965;4946;3,947525272;51,80699984;3,607299011;36,86634263;4,284706028;72,58120672;353,1751965;4889;353,1751965;3499;353,1751965;6837;0,095525996;-0,24165476;0,435752257;0;0;0
89;4,094344562;60;357,2695411;5006;4,059159942;57,92562975;3,742254712;42,19301611;4,403684458;81,75152451;357,2695411;4947;357,2695411;3541;357,2695411;6919;0,03518462;-0,309339896;0,35208985;0;0;0
90;3,951243719;52;361,2207848;5058;3,990592274;54,08691413;3,663986046;39,01655512;4,313070577;74,66941545;361,2207848;5001;361,2207848;3580;361,2207848;6994;-0,039348555;-0,361826858;0,287257672;0;0;0
91;4,204692619;67;365,4254774;5125;4,085985901;59,50057053;3,754682102;42,72063684;4,402594516;81,66246866;365,4254774;5061;365,4254774;3623;365,4254774;7075;0,118706718;-0,197901897;0,450010518;0;0;0
92;4,060443011;58;369,4859204;5183;4,068654777;58,47824338;3,700988919;40,48732325;4,392227614;80,82025495;369,4859204;5119;369,4859204;3664;369,4859204;7156;-0,008211767;-0,331784604;0,359454092;0;0;0
93;4,077537444;59;373,5634579;5242;3,950394112;51,95583923;3,610366534;36,97960462;4,26089393;70,87331095;373,5634579;5171;373,5634579;3701;373,5634579;7227;0,127143332;-0,183356486;0,46717091;0;0;0
94;3,912023005;50;377,4754809;5292;3,951375869;52,00687229;3,614543962;37,13440735;4,267967111;71,37638773;377,4754809;5223;377,4754809;3738;377,4754809;7299;-0,039352864;-0,355944105;0,297479044;0;0;0
95;4,17438727;65;381,6498681;5357;4,020054601;55,70414724;3,671016696;39,29183342;4,327131223;75,72673154;381,6498681;5279;381,6498681;3777;381,6498681;7374;0,154332669;-0,152743953;0,503370574;0;0;0
96;3,713572067;41;385,3634402;5398;3,98552153;53,81334743;3,645674145;38,3085897;4,324809707;75,55113462;385,3634402;5333;385,3634402;3815;385,3634402;7450;-0,271949463;-0,61123764;0,067897922;0;0;0
97;3,713572067;41;389,0770123;5439;3,996259347;54,39429883;3,680137464;39,65184439;4,338742394;76,61113209;389,0770123;5387;389,0770123;3855;389,0770123;7526;-0,282687281;-0,625170327;0,033434603;0;0;0
98;3,891820298;49;392,9688326;5488;3,926602461;50,7343127;3,590240061;36,24277537;4,291774234;73,09604303;392,9688326;5438;392,9688326;3891;392,9688326;7599;-0,034782163;-0,399953936;0,301580237;0;0;0
99;3,871201011;48;396,8400336;5536;4,02412959;55,93160415;3,701798383;40,52010955;4,342565292;76,9045692;396,8400336;5494;396,8400336;3932;396,8400336;7676;-0,152928579;-0,471364281;0,169402628;0;0;0
100;4,025351691;56;400,8653853;5592;4,06736095;58,40263156;3,715286061;41,07033403;4,383280361;80,10036104;400,8653853;5552;400,8653853;3973;400,8653853;7756;-0,042009259;-0,357928671;0,31006563;0;0;0
101;4,007333185;55;404,8727185;5647;4,117260043;61,39080348;3,804551757;44,90511722;4,431910737;84,09194108;404,8727185;5614;404,8727185;4018;404,8727185;7841;-0,109926858;-0,424577552;0,202781428;0;0;0
102;4,158883083;64;409,0316015;5711;3,95611719;52,25403904;3,617520504;37,24510414;4,282436335;72,4166565;409,0316015;5666;409,0316015;4055;409,0316015;7913;0,202765893;-0,123553252;0,54136258;0;0;0
103;4,317488114;75;413,3490896;5786;3,995296279;54,34193862;3,686070827;39,88781253;4,292661426;73,16092197;413,3490896;5720;413,3490896;4095;413,3490896;7986;0,322191834;0,024826688;0,631417287;0;0;0
104;4,077537444;59;417,4266271;5845;4,036797856;56,64466768;3,717420849;41,15810412;4,339387873;76,66059892;417,4266271;5777;417,4266271;4136;417,4266271;8063;0,040739588;-0,261850429;0,360116595;0;0;0
105;3,761200116;43;421,1878272;5888;4,084629549;59,41992149;3,743047461;42,22647785;4,404478329;81,81645048;421,1878272;5836;421,1878272;4178;421,1878272;8145;-0,323429433;-0,643278214;0,018152654;0;0;0
106;3,433987204;31;424,6218144;5919;3,557201021;35,0649137;3,185090414;24,16947357;3,923935268;50,59917483;424,6218144;5871;424,6218144;4202;424,6218144;8195;-0,123213816;-0,489948064;0,24889679;0;0;0
107;4,094344562;60;428,716159;5979;4,118635372;61,47529409;3,772944825;43,50799984;4,43915092;84,70299148;428,716159;5933;428,716159;4246;428,716159;8280;-0,02429081;-0,344806357;0,321399737;0;0;0
108;4,304065093;74;433,0202241;6053;4,124910461;61,86226992;3,793338752;44,40440835;4,466844786;87,08152824;433,0202241;5995;433,0202241;4290;433,0202241;8367;0,179154632;-0,162779693;0,510726342;0;0;0
109;3,912023005;50;436,9322471;6103;4,170236255;64,73074324;3,838468296;46,45426572;4,477629052;88,02572069;436,9322471;6059;436,9322471;4337;436,9322471;8455;-0,258213249;-0,565606047;0,07355471;0;0;0
110;4,430816799;84;441,3630639;6187;4,232637635;68,89872241;3,89166315;48,99230034;4,581454194;97,65630221;441,3630639;6128;441,3630639;4386;441,3630639;8553;0,198179164;-0,150637395;0,539153649;0;0;0
111;3,688879454;40;445,0519433;6227;4,030454117;56,28646609;3,72100986;41,30608642;4,33428906;76,27071574;445,0519433;6185;445,0519433;4427;445,0519433;8629;-0,341574663;-0,645409606;-0,032130406;0;0;0
112;4,094344562;60;449,1462879;6287;4,069217739;58,5111737;3,742264104;42,19341238;4,415384498;82,71363803;449,1462879;6243;449,1462879;4469;449,1462879;8712;0,025126823;-0,321039936;0,352080458;0;0;0
113;4,189654742;66;453,3359426;6353;4,025846706;56,02772774;3,708688339;40,80025529;4,370956365;79,11926242;453,3359426;6299;453,3359426;4510;453,3359426;8791;0,163808036;-0,181301623;0,480966403;0;0;0
114;4,007333185;55;457,3432758;6408;4,016586297;55,511283;3,670639921;39,27703204;4,32399843;75,4898666;457,3432758;6355;457,3432758;4549;457,3432758;8866;-0,009253112;-0,316665245;0,336693264;0;0;0
115;3,970291914;53;461,3135677;6461;4,005885361;54,92042729;3,676320388;39,50077879;4,356880536;78,01339447;461,3135677;6410;461,3135677;4589;461,3135677;8944;-0,035593448;-0,386588622;0,293971526;0;0;0
116;4,094344562;60;465,4079123;6521;4,014998184;55,42319473;3,698742178;40,39646084;4,350582034;77,52357115;465,4079123;6465;465,4079123;4629;465,4079123;9022;0,079346379;-0,256237472;0,395602384;0;0;0
117;4,127134385;62;469,5350467;6583;4,12225681;61,69832667;3,785981031;44,0788921;4,464018012;86,83571603;469,5350467;6527;469,5350467;4673;469,5350467;9109;0,004877575;-0,336883627;0,341153354;0;0;0
118;4,060443011;58;473,5954897;6641;4,051838577;57,50308374;3,716181281;41,10711748;4,390054983;80,64485297;473,5954897;6584;473,5954897;4714;473,5954897;9189;0,008604434;-0,329611973;0,344261729;0;0;0
119;4,204692619;67;477,8001823;6708;4,099765443;60,32613602;3,775723363;43,62905656;4,433497689;84,22549694;477,8001823;6645;477,8001823;4758;477,8001823;9274;0,104927176;-0,22880507;0,428969256;0;0;0
120;4,060443011;58;481,8606253;6766;4,021053991;55,75984524;3,682506255;39,74588266;4,356725637;78,00131124;481,8606253;6700;481,8606253;4798;481,8606253;9352;0,03938902;-0,296282627;0,377936756;0;0;0
121;3,526360525;34;485,3869858;6800;3,916193722;50,20897129;3,574363297;35,67190117;4,248207894;69,97988849;485,3869858;6751;485,3869858;4833;485,3869858;9422;-0,389833197;-0,721847369;-0,048002772;0;0;0
122;3,970291914;53;489,3572778;6853;4,000609771;54,63145253;3,650403432;38,49019108;4,354056409;77,79338556;489,3572778;6805;489,3572778;4872;489,3572778;9499;-0,030317857;-0,383764495;0,319888482;0;0;0
123;3,850147602;47;493,2074254;6900;3,874842017;48,17508687;3,5405321;34,4852639;4,201874862;66,81147599;493,2074254;6853;493,2074254;4906;493,2074254;9566;-0,024694416;-0,35172726;0,309615502;0;0;0
124;4,356708827;78;497,5641342;6978;3,922425216;50,52282507;3,563076865;35,27155616;4,275291757;71,9011139;497,5641342;6904;497,5641342;4942;497,5641342;9638;0,434283611;0,08141707;0,793631962;0;0;0
125;4,219507705;68;501,7836419;7046;3,914429137;50,12045145;3,589099556;36,20146386;4,23130564;68,80701071;501,7836419;6954;501,7836419;4978;501,7836419;9707;0,305078568;-0,011797934;0,630408149;0;0;0
126;4,007333185;55;505,7909751;7101;4,015487133;55,45030051;3,70001237;40,44780472;4,328707148;75,84616532;505,7909751;7009;505,7909751;5018;505,7909751;9783;-0,008153948;-0,321373963;0,307320815;0;0;0
127;4,060443011;58;509,8514181;7159;4,080289195;59,16257691;3,743134812;42,2301665;4,415897671;82,75609529;509,8514181;7069;509,8514181;5061;509,8514181;9865;-0,019846185;-0,35545466;0,317308199;0;0;0
128;3,912023005;50;513,7634411;7209;3,988916468;53,99635087;3,638773431;38,04514311;4,303552046;73,96204427;513,7634411;7123;513,7634411;5099;513,7634411;9939;-0,076893462;-0,391529041;0,273249574;0;0;0
129;3,951243719;52;517,7146848;7261;3,991700995;54,14691469;3,680495684;39,66605103;4,326184466;75,65507068;517,7146848;7177;517,7146848;5138;517,7146848;10015;-0,040457276;-0,374940748;0,270748035;0;0;0
130;3,663561646;39;521,3782465;7300;3,970631517;53,01800203;3,647889679;38,39355776;4,315200365;74,82861499;521,3782465;7230;521,3782465;5177;521,3782465;10090;-0,307069871;-0,651638719;0,015671967;0;0;0
131;3,784189634;44;525,1624361;7344;3,989030362;54,00250112;3,646362266;38,33495972;4,306700524;74,19527909;525,1624361;7284;525,1624361;5215;525,1624361;10164;-0,204840729;-0,52251089;0,137827368;0;0;0
132;3,988984047;54;529,1514201;7398;3,952691722;52,07535073;3,631602705;37,77330761;4,282395519;72,41370083;529,1514201;7336;529,1514201;5253;529,1514201;10236;0,036292324;-0,293411473;0,357381341;0;0;0
133;3,850147602;47;533,0015677;7445;3,922252878;50,51411881;3,58346633;35,99810616;4,257957116;70,66547453;533,0015677;7386;533,0015677;5289;533,0015677;10307;-0,072105276;-0,407809514;0,266681271;0;0;0
134;4,290459441;73;537,2920272;7518;3,980154383;53,52529697;3,636902344;37,97402389;4,313002742;74,66435047;537,2920272;7440;537,2920272;5327;537,2920272;10382;0,310305059;-0,022543301;0,653557097;0;0;0
135;4,094344562;60;541,3863717;7578;3,977810284;53,39997534;3,604917852;36,77866244;4,323779454;75,47333794;541,3863717;7493;541,3863717;5364;541,3863717;10457;0,116534278;-0,229434892;0,48942671;0;0;0
136;3,970291914;53;545,3566637;7631;3,925344668;50,67053956;3,612223583;37,04834136;4,237692043;69,24784625;545,3566637;7544;545,3566637;5401;545,3566637;10527;0,044947246;-0,26740013;0,358068331;0;0;0
137;3,951243719;52;549,3079074;7683;3,930175263;50,91590058;3,58113976;35,9144514;4,255059128;70,46098331;549,3079074;7595;549,3079074;5436;549,3079074;10597;0,021068455;-0,30381541;0,370103958;0;0;0
138;4,110873864;61;553,4187812;7744;3,972930678;53,14003918;3,632122942;37,79296377;4,289733264;72,9470083;553,4187812;7648;553,4187812;5474;553,4187812;10670;0,137943187;-0,1788594;0,478750922;0;0;0
139;4,025351691;56;557,4441329;7800;4,022875914;55,86152797;3,704173188;40,61645127;4,355568573;77,91111093;557,4441329;7704;557,4441329;5515;557,4441329;10748;0,002475777;-0,330216883;0,321178502;0;0;0
140;3,784189634;44;561,2283226;7844;4,022552941;55,84348912;3,681574238;39,70885608;4,336171476;76,41442412;561,2283226;7760;561,2283226;5555;561,2283226;10824;-0,238363307;-0,551981842;0,102615396;0;0;0
141;3,850147602;47;565,0784702;7891;4,028438602;56,17313412;3,722190793;41,35489497;4,35738834;78,05302003;565,0784702;7816;565,0784702;5596;565,0784702;10902;-0,178291;-0,507240738;0,127956808;0;0;0
142;3,931825633;51;569,0102958;7942;3,925794024;50,69331381;3,589174652;36,20418256;4,26832209;71,40172939;569,0102958;7867;569,0102958;5632;569,0102958;10974;0,006031608;-0,336496457;0,34265098;0;0;0
143;4,077537444;59;573,0878332;8001;3,947607933;51,8112824;3,613298126;37,08817278;4,30303116;73,92352849;573,0878332;7918;573,0878332;5669;573,0878332;11048;0,129929511;-0,225493716;0,464239318;0;0;0
144;4,189654742;66;577,277488;8067;4,154454351;63,71718782;3,833196401;46,21000813;4,498487973;89,88112581;577,277488;7982;577,277488;5715;577,277488;11138;0,035200391;-0,308833231;0,356458341;0;0;0
145;4,219507705;68;581,4969957;8135;4,030631555;56,29645434;3,699507625;40,42739403;4,371261654;79,14342034;581,4969957;8038;581,4969957;5756;581,4969957;11217;0,18887615;-0,151753949;0,52000008;0;0;0
146;3,80666249;45;585,3036582;8180;4,058497574;57,88727439;3,737771544;42,00428108;4,387529288;80,44142566;585,3036582;8096;585,3036582;5798;585,3036582;11297;-0,251835085;-0,580866798;0,068890946;0;0;0
147;4,094344562;60;589,3980027;8240;3,996295166;54,3962472;3,651754857;38,54224288;4,343622724;76,98593356;589,3980027;8151;589,3980027;5836;589,3980027;11374;0,098049396;-0,249278162;0,442589705;0;0;0
148;4,007333185;55;593,4053359;8295;3,971302199;53,05357221;3,622322001;37,42436641;4,304163548;74,00728601;593,4053359;8204;593,4053359;5874;593,4053359;11448;0,036030986;-0,296830363;0,385011185;0;0;0
149;3,970291914;53;597,3756278;8348;4,01072351;55,1867843;3,675903619;39,48431954;4,361065112;78,34053144;597,3756278;8259;597,3756278;5913;597,3756278;11526;-0,040431596;-0,390773198;0,294388294;0;0;0
150;4,127134385;62;601,5027622;8410;4,064119952;58,21365514;3,744497971;42,28777221;4,405193188;81,87495859;601,5027622;8317;601,5027622;5956;601,5027622;11608;0,063014433;-0,278058803;0,382636414;0;0;0
151;4,127134385;62;605,6298966;8472;4,050997813;57,45475753;3,719442117;41,24137981;4,393236897;80,90186663;605,6298966;8375;605,6298966;5997;605,6298966;11689;0,076136573;-0,266102512;0,407692268;0;0;0
152;4,127134385;62;609,757031;8534;4,077512759;58,99854358;3,740832859;42,13306647;4,421630777;83,2319074;609,757031;8434;609,757031;6039;609,757031;11772;0,049621626;-0,294496392;0,386301526;0;0;0
153;4,007333185;55;613,7643642;8589;4,113648521;61,16948908;3,798056457;44,61439017;4,453055899;85,88901151;613,7643642;8495;613,7643642;6084;613,7643642;11858;-0,106315336;-0,445722714;0,209276729;0;0;0
154;3,970291914;53;617,7346561;8642;4,072124136;58,68147774;3,769010708;43,33717049;4,415662282;82,73661775;617,7346561;8553;617,7346561;6127;617,7346561;11941;-0,101832223;-0,445370369;0,201281206;0;0;0
155;3,970291914;53;621,704948;8695;4,068093558;58,44543347;3,753330134;42,66291895;4,421707405;83,23828552;621,704948;8612;621,704948;6170;621,704948;12024;-0,097801644;-0,451415491;0,216961779;0;0;0
156;4,343805422;77;626,0487534;8772;3,990222401;54,06691255;3,658193886;38,79121822;4,328635205;75,84070886;626,0487534;8666;626,0487534;6208;626,0487534;12100;0,353583021;0,015170217;0,685611535;0;0;0
157;4,025351691;56;630,0741051;8828;4,182374227;65,52123096;3,835765134;46,32886189;4,505779253;90,53886925;630,0741051;8731;630,0741051;6255;630,0741051;12191;-0,157022536;-0,480427562;0,189586557;0;0;0
158;4,406719247;82;634,4808244;8910;4,263991319;71,09317346;3,897357798;49,27209015;4,605590965;100,0420867;634,4808244;8803;634,4808244;6304;634,4808244;12291;0,142727928;-0,198871717;0,509361449;0;0;0
159;4,356708827;78;638,8375332;8988;4,255998243;70,52718536;3,91133645;49,96568401;4,590471818;98,54091255;638,8375332;8873;638,8375332;6354;638,8375332;12389;0,100710583;-0,233762991;0,445372377;0;0;0
160;3,891820298;49;642,7293535;9037;4,228889446;68,64096036;3,890368618;48,92891929;4,532599241;92,99997655;642,7293535;8942;642,7293535;6403;642,7293535;12482;-0,337069148;-0,640778943;0,00145168;0;0;0
161;3,951243719;52;646,6805972;9089;4,076185431;58,92028516;3,736889701;41,96725624;4,394720527;81,02198418;646,6805972;9001;646,6805972;6445;646,6805972;12563;-0,124941713;-0,443476809;0,214354018;0;0;0
162;4,248495242;70;650,9290924;9159;4,095046553;60,04213421;3,754362764;42,70699672;4,451395107;85,74648615;650,9290924;9061;650,9290924;6488;650,9290924;12649;0,153448689;-0,202899865;0,494132478;0;0;0
163;4,343805422;77;655,2728979;9236;4,112716678;61,1125153;3,793049583;44,39156984;4,436915583;84,51386327;655,2728979;9122;655,2728979;6532;655,2728979;12734;0,231088744;-0,093110161;0,550755839;0;0;0
164;4,248495242;70;659,5213931;9306;4,065257809;58,27993169;3,736744946;41,96118173;4,380017079;79,83939696;659,5213931;9180;659,5213931;6574;659,5213931;12813;0,183237433;-0,131521837;0,511750296;0;0;0
165;4,17438727;65;663,6957804;9371;4,063364721;58,16970702;3,730802963;41,71258837;4,388783937;80,54241474;663,6957804;9238;663,6957804;6616;663,6957804;12894;0,111022549;-0,214396667;0,443584307;0;0;0
166;3,988984047;54;667,6847644;9425;4,043490961;57,02506804;3,726721504;41,54268711;4,355808892;77,9298367;667,6847644;9295;667,6847644;6657;667,6847644;12972;-0,054506915;-0,366824846;0,262262543;0;0;0
167;3,951243719;52;671,6360081;9477;3,958851797;52,39712888;3,650932504;38,51056056;4,284879501;72,59379874;671,6360081;9348;671,6360081;6696;671,6360081;13044;-0,007608079;-0,333635783;0,300311215;0;0;0
168;3,17805383;24;674,814062;9501;3,876043369;48,23299688;3,521686398;33,84145053;4,21949292;67,99899458;674,814062;9396;674,814062;6730;674,814062;13112;-0,697989539;-1,041439089;-0,343632568;0;0;0
169;3,258096538;26;678,0721585;9527;3,685064861;39,84770691;3,307105182;27,30596516;4,046231028;57,18153479;678,0721585;9436;678,0721585;6757;678,0721585;13170;-0,426968323;-0,78813449;-0,049008644;0;0;0
170;3,713572067;41;681,7857306;9568;3,885553362;48,69388036;3,530325583;34,13507961;4,233097046;68,93038247;681,7857306;9484;681,7857306;6791;681,7857306;13239;-0,171981295;-0,519524979;0,183246484;0;0;0
171;4,276666119;72;686,0623967;9640;4,052129908;57,51983866;3,723053486;41,39058693;4,391403341;80,75366443;686,0623967;9542;686,0623967;6832;686,0623967;13319;0,224536211;-0,114737222;0,553612633;0;0;0
172;4,127134385;62;690,1895311;9702;4,098409491;60,24439209;3,742879868;42,21940157;4,442877543;85,01923657;690,1895311;9602;690,1895311;6875;690,1895311;13404;0,028724894;-0,315743158;0,384254517;0;0;0
173;3,871201011;48;694,0607321;9750;4,070904549;58,60995422;3,726245183;41,52290419;4,394585137;81,01101534;694,0607321;9661;694,0607321;6916;694,0607321;13485;-0,199703539;-0,523384126;0,144955828;0;0;0
174;4,110873864;61;698,171606;9811;4,118186671;61,44771626;3,773597142;43,5363901;4,436029472;84,43900775;698,171606;9722;698,171606;6960;698,171606;13570;-0,007312807;-0,325155608;0,337276722;0;0;0
175;4,262679877;71;702,4342858;9882;4,146524959;63,21394709;3,802481614;44,81225331;4,470019034;87,35838578;702,4342858;9785;702,4342858;7004;702,4342858;13657;0,116154919;-0,207339157;0,460198264;0;0;0
176;4,204692619;67;706,6389785;9949;4,06867533;58,47944527;3,755708647;42,76451403;4,418303895;82,95546478;706,6389785;9844;706,6389785;7047;706,6389785;13740;0,13601729;-0,213611275;0,448983972;0;0;0
177;4,127134385;62;710,7661128;10011;4,011311691;55,21925365;3,687264135;39,93543939;4,361438804;78,36981216;710,7661128;9899;710,7661128;7087;710,7661128;13818;0,115822695;-0,234304419;0,43987025;0;0;0
178;4,158883083;64;714,9249959;10075;4,059169035;57,92615647;3,716854928;41,13481849;4,385883494;80,30914452;714,9249959;9957;714,9249959;7128;714,9249959;13899;0,099714048;-0,227000411;0,442028155;0;0;0
179;4,276666119;72;719,201662;10147;4,105893998;60,69698326;3,732635454;41,78909641;4,442392053;84,97797057;719,201662;10018;719,201662;7170;719,201662;13984;0,170772121;-0,165725934;0,544030665;0;0;0
180;3,871201011;48;723,0728631;10195;4,082053626;59,26705733;3,747934905;42,43336252;4,405657054;81,91294637;723,0728631;10077;723,0728631;7213;723,0728631;14066;-0,210852615;-0,534456043;0,123266106;0;0;0
181;3,988984047;54;727,0618471;10249;3,99649034;54,40686495;3,651883904;38,54721693;4,342115877;76,87001486;727,0618471;10131;727,0618471;7251;727,0618471;14143;-0,007506293;-0,35313183;0,337100143;0;0;0
182;3,951243719;52;731,0130908;10301;3,967788117;52,86746476;3,664171793;39,02380298;4,28620328;72,68996051;731,0130908;10184;731,0130908;7290;731,0130908;14215;-0,016544398;-0,334959562;0,287071926;0;0;0
183;3,526360525;34;734,5394513;10335;3,789318712;44,22625918;3,447925231;31,43510404;4,131845692;62,29279023;734,5394513;10229;734,5394513;7322;734,5394513;14278;-0,262958187;-0,605485168;0,078435293;0;0;0
184;3,258096538;26;737,7975479;10361;3,774035537;43,55548042;3,439597825;31,17441808;4,149398239;63,39583965;737,7975479;10272;737,7975479;7353;737,7975479;14341;-0,515938999;-0,891301701;-0,181501287;0;0;0
185;3,784189634;44;741,5817375;10405;3,876673519;48,26340044;3,507334903;33,35924357;4,231071755;68,79091969;741,5817375;10320;741,5817375;7386;741,5817375;14410;-0,092483885;-0,446882121;0,276854731;0;0;0
186;3,970291914;53;745,5520294;10458;4,051765032;57,49885484;3,726519396;41,53429187;4,388774877;80,54168507;745,5520294;10378;745,5520294;7428;745,5520294;14490;-0,081473118;-0,418482964;0,243772518;0;0;0
187;4,094344562;60;749,646374;10518;4,031988893;56,37291953;3,668958806;39,21105828;4,372102926;79,21002954;749,646374;10434;749,646374;7467;749,646374;14569;0,062355669;-0,277758364;0,425385756;0;0;0
188;4,17438727;65;753,8207613;10583;4,177953247;65,23220227;3,853244516;47,14578061;4,506794042;90,63079369;753,8207613;10499;753,8207613;7514;753,8207613;14660;-0,003565977;-0,332406772;0,321142753;0;0;0
189;4,158883083;64;757,9796443;10647;3,99861318;54,5224847;3,682339184;39,73924284;4,31941864;75,14492931;757,9796443;10554;757,9796443;7554;757,9796443;14735;0,160269903;-0,160535556;0,476543899;0;0;0
190;3,912023005;50;761,8916674;10697;4,06634286;58,34320269;3,748474256;42,45625517;4,378948904;79,75416006;761,8916674;10612;761,8916674;7596;761,8916674;14815;-0,154319855;-0,466925899;0,16354875;0;0;0
191;3,912023005;50;765,8036904;10747;4,176530683;65,13947126;3,840411244;46,54461168;4,500368658;90,05032298;765,8036904;10677;765,8036904;7643;765,8036904;14905;-0,264507677;-0,588345653;0,071611762;0;0;0
192;4,317488114;75;770,1211785;10822;4,134939489;62,48580986;3,815428952;45,39622499;4,460584028;86,53803496;770,1211785;10740;770,1211785;7688;770,1211785;14992;0,182548625;-0,143095914;0,502059162;0;0;0
193;4,189654742;66;774,3108332;10888;4,131813834;62,29080568;3,815252579;45,38821904;4,449012432;85,54242331;774,3108332;10802;774,3108332;7733;774,3108332;15077;0,057840908;-0,25935769;0,374402163;0;0;0
194;3,988984047;54;778,2998173;10942;4,106153935;60,71276271;3,743951837;42,26468373;4,476338489;87,9121912;778,2998173;10863;778,2998173;7776;778,2998173;15165;-0,117169888;-0,487354442;0,245032209;0;0;0
195;4,234106505;69;782,5339238;11011;4,188450111;65,92054222;3,851591718;47,0679225;4,508497524;90,78531324;782,5339238;10929;782,5339238;7823;782,5339238;15256;0,045656394;-0,274391019;0,382514787;0;0;0
196;4,248495242;70;786,782419;11081;4,030358704;56,28109587;3,680311362;39,65874039;4,369657022;79,0165261;786,782419;10985;786,782419;7862;786,782419;15335;0,218136538;-0,12116178;0,56818388;0;0;0
197;3,988984047;54;790,7714031;11135;4,170592185;64,75378696;3,839368849;46,49611911;4,51249679;91,14911481;790,7714031;11050;790,7714031;7909;790,7714031;15426;-0,181608138;-0,523512743;0,149615197;0;0;0
198;3,912023005;50;794,6834261;11185;4,065245791;58,27923125;3,735158688;41,89467324;4,423044688;83,34967315;794,6834261;11108;794,6834261;7951;794,6834261;15509;-0,153222785;-0,511021682;0,176864317;0;0;0
199;4,043051268;57;798,7264773;11242;4,063092231;58,15385849;3,717660028;41,16794946;4,370375306;79,07330278;798,7264773;11166;798,7264773;7992;798,7264773;15588;-0,020040963;-0,327324038;0,32539124;0;0;0
200;4,189654742;66;802,9161321;11308;4,186395552;65,78524359;3,872871515;48,08025123;4,544049411;94,07096189;802,9161321;11232;802,9161321;8040;802,9161321;15683;0,00325919;-0,354394669;0,316783227;0;0;0
201;4,418840608;83;807,3349727;11391;4,194642566;66,33001876;3,847604972;46,88064821;4,548943116;94,53244569;807,3349727;11298;807,3349727;8087;807,3349727;15777;0,224198041;-0,130102508;0,571235636;0;0;0
202;4,418840608;83;811,7538133;11474;4,275586223;71,92228946;3,894219429;49,11769855;4,615562105;101,0446102;811,7538133;11370;811,7538133;8136;811,7538133;15878;0,143254385;-0,196721497;0,524621179;0;0;0
203;4,33073334;76;816,0845466;11550;4,119228072;61,51174132;3,790512417;44,27908381;4,456883139;86,21835925;816,0845466;11432;816,0845466;8180;816,0845466;15964;0,211505268;-0,126149799;0,540220923;0;0;0
204;4,043051268;57;820,1275979;11607;4,246853858;69,88519733;3,933367681;51,07870515;4,56427638;95,99310635;820,1275979;11502;820,1275979;8231;820,1275979;16060;-0,20380259;-0,521225112;0,109683586;0;0;0
205;4,304065093;74;824,431663;11681;4,174640851;65,01648488;3,824522154;45,81090459;4,522663176;92,08049831;824,431663;11567;824,431663;8277;824,431663;16152;0,129424242;-0,218598083;0,479542939;0;0;0
206;4,17438727;65;828,6060503;11746;4,141146462;62,87486381;3,780040858;43,81783203;4,464288419;86,85920019;828,6060503;11630;828,6060503;8321;828,6060503;16239;0,033240808;-0,289901149;0,394346411;0;0;0
207;4,304065093;74;832,9101154;11820;4,166242229;64,47272261;3,85931945;47,43305983;4,515699055;91,4414663;832,9101154;11694;832,9101154;8369;832,9101154;16331;0,137822864;-0,211633962;0,444745643;0;0;0
208;4,521788577;92;837,4319039;11912;4,20836439;67,2464608;3,866014601;47,75169679;4,519317504;91,77294197;837,4319039;11761;837,4319039;8416;837,4319039;16422;0,313424187;0,002471073;0,655773976;0;0;0
209;4,007333185;55;841,4392371;11967;4,152257273;63,57734986;3,817370343;45,48444243;4,503713819;90,35206021;841,4392371;11825;841,4392371;8462;841,4392371;16513;-0,144924087;-0,496380634;0,189962842;0;0;0
210;4,025351691;56;845,4645888;12023;4,139495731;62,77115995;3,819780172;45,59418436;4,466946568;87,09039206;845,4645888;11888;845,4645888;8507;845,4645888;16600;-0,114144041;-0,441594878;0,205571518;0;0;0
211;4,304065093;74;849,7686539;12097;4,218254615;67,91484324;3,923523198;50,57832872;4,564321633;95,99745042;849,7686539;11956;849,7686539;8558;849,7686539;16696;0,085810478;-0,26025654;0,380541895;0;0;0
212;4,49980967;90;854,2684636;12187;4,250754494;70,15832642;3,916683562;50,2335717;4,598533716;99,33855029;854,2684636;12026;854,2684636;8608;854,2684636;16795;0,249055176;-0,098724046;0,583126108;0;0;0
213;4,219507705;68;858,4879713;12255;4,155811381;63,80371267;3,813168317;45,29371661;4,481720381;88,38660057;858,4879713;12090;858,4879713;8653;858,4879713;16884;0,063696324;-0,262212676;0,406339388;0;0;0
214;4,304065093;74;862,7920364;12329;4,209350594;67,31281227;3,849653425;46,97677942;4,557632621;95,35746511;862,7920364;12157;862,7920364;8700;862,7920364;16979;0,094714499;-0,253567527;0,454411669;0;0;0
215;4,454347296;86;867,2463837;12415;4,131047862;62,243111;3,770590469;43,40568697;4,479073447;88,15295644;867,2463837;12219;867,2463837;8744;867,2463837;17067;0,323299434;-0,024726151;0,683756828;0;0;0
216;4,189654742;66;871,4360384;12481;4,23980084;69,39402992;3,907136563;49,75627385;4,540343586;93,72299648;871,4360384;12289;871,4360384;8794;871,4360384;17161;-0,050146098;-0,350688844;0,282518179;0;0;0
217;4,369447852;79;875,8054863;12560;3,985702294;53,82307585;3,622975398;37,44882739;4,325157536;75,57741805;875,8054863;12342;875,8054863;8831;875,8054863;17236;0,383745558;0,044290317;0,746472454;0;0;0
218;4,127134385;62;879,9326206;12622;4,130245915;62,19321527;3,776262583;43,65258854;4,466844692;87,08152009;879,9326206;12405;879,9326206;8875;879,9326206;17324;-0,00311153;-0,339710307;0,350871802;0;0;0
219;4,430816799;84;884,3634374;12706;4,131586894;62,27667104;3,781419124;43,87826626;4,468271275;87,20583769;884,3634374;12467;884,3634374;8919;884,3634374;17411;0,299229905;-0,037454476;0,649397675;0;0;0
220;4,204692619;67;888,5681301;12773;4,136032126;62,55412148;3,796676838;44,55288175;4,447679715;85,42849542;888,5681301;12529;888,5681301;8963;888,5681301;17496;0,068660494;-0,242987096;0,408015782;0;0;0
221;4,127134385;62;892,6952644;12835;4,187891855;65,88375196;3,861350294;47,52948682;4,488168804;88,95839642;892,6952644;12595;892,6952644;9011;892,6952644;17585;-0,06075747;-0,361034419;0,265784091;0;0;0
222;4,317488114;75;897,0127526;12910;4,211404499;67,45120845;3,875875603;48,22490567;4,534145741;93,14391233;897,0127526;12663;897,0127526;9059;897,0127526;17678;0,106083615;-0,216657628;0,441612511;0;0;0
223;4,276666119;72;901,2894187;12982;4,212472006;67,52325155;3,873267707;48,099304;4,571444763;96,68369391;901,2894187;12730;901,2894187;9107;901,2894187;17775;0,064194113;-0,294778644;0,403398412;0;0;0
224;4,290459441;73;905,5798781;13055;4,169239629;64,66626306;3,799601118;44,68335753;4,528231658;92,59467716;905,5798781;12795;905,5798781;9152;905,5798781;17868;0,121219812;-0,237772217;0,490858324;0;0;0
225;4,33073334;76;909,9106115;13131;4,259278987;70,75894693;3,956598331;52,27918662;4,610813619;100,5659388;909,9106115;12866;909,9106115;9204;909,9106115;17968;0,071454353;-0,280080279;0,37413501;0;0;0
226;4,394449155;81;914,3050606;13212;4,152924146;63,61976203;3,826032726;45,88015754;4,491274572;89,23511001;914,3050606;12929;914,3050606;9250;914,3050606;18057;0,241525009;-0,096825417;0,568416429;0;0;0
227;4,343805422;77;918,648866;13289;4,047638447;57,26206983;3,674905704;39,4449372;4,347821349;77,30984814;918,648866;12987;918,648866;9289;918,648866;18135;0,296166975;-0,004015927;0,668899718;0;0;0
228;4,127134385;62;922,7760004;13351;4,263544333;71,06140288;3,937324581;51,28121888;4,610943891;100,5790405;922,7760004;13058;922,7760004;9341;922,7760004;18235;-0,136409948;-0,483809506;0,189809804;0;0;0
229;4,17438727;65;926,9503877;13416;4,097628791;60,19737765;3,775553933;43,62166509;4,442066456;84,95030647;926,9503877;13118;926,9503877;9384;926,9503877;18320;0,076758479;-0,267679186;0,398833337;0;0;0
230;4,158883083;64;931,1092708;13480;4,317670739;75,01369815;3,971996767;53,0904343;4,65578571;105,1918378;931,1092708;13193;931,1092708;9437;931,1092708;18425;-0,158787656;-0,496902626;0,186886316;0;0;0
231;4,248495242;70;935,357766;13550;4,219396516;67,99243954;3,868176034;47,8550205;4,55282607;94,90022434;935,357766;13261;935,357766;9485;935,357766;18520;0,029098726;-0,304330828;0,380319208;0;0;0
232;4,17438727;65;939,5321533;13615;4,181547663;65,46709583;3,836761853;46,37506178;4,500578531;90,06922411;939,5321533;13326;939,5321533;9531;939,5321533;18610;-0,007160393;-0,326191262;0,337625417;0;0;0
233;4,317488114;75;943,8496414;13690;4,215713109;67,74245641;3,877486042;48,30263152;4,533518301;93,0854884;943,8496414;13394;943,8496414;9580;943,8496414;18703;0,101775004;-0,216030187;0,440002072;0;0;0
234;4,204692619;67;948,054334;13757;4,197980621;66,55180195;3,82753774;45,94925981;4,51559524;91,43197381;948,054334;13461;948,054334;9626;948,054334;18795;0,006711998;-0,310902621;0,377154879;0;0;0
235;4,219507705;68;952,2738417;13825;4,217786216;67,88303944;3,85998452;47,46461662;4,54931866;94,56795347;952,2738417;13529;952,2738417;9673;952,2738417;18889;0,001721489;-0,329810955;0,359523185;0;0;0
236;4,007333185;55;956,2811749;13880;4,193248734;66,23763022;3,848940914;46,94331989;4,528820377;92,64920543;956,2811749;13595;956,2811749;9720;956,2811749;18982;-0,185915549;-0,521487191;0,158392271;0;0;0
237;4,025351691;56;960,3065266;13936;4,188425652;65,9189299;3,834186548;46,2557855;4,495739327;89,63441366;960,3065266;13661;960,3065266;9766;960,3065266;19072;-0,163073961;-0,470387637;0,191165143;0;0;0
238;4,304065093;74;964,6105917;14010;4,258868327;70,72989506;3,92176325;50,48939177;4,605193785;100,0023599;964,6105917;13731;964,6105917;9817;964,6105917;19172;0,045196766;-0,301128692;0,382301843;0;0;0
239;4,290459441;73;968,9010511;14083;4,270639017;71,56735377;3,940951442;51,46754641;4,607473603;100,2306072;968,9010511;13803;968,9010511;9868;968,9010511;19272;0,019820424;-0,317014162;0,349507999;0;0;0
240;4,33073334;76;973,2317845;14159;4,268177125;71,39137935;3,931632733;50,99016305;4,631831512;102,7019919;973,2317845;13874;973,2317845;9919;973,2317845;19375;0,062556216;-0,301098172;0,399100607;0;0;0
241;4,158883083;64;977,3906676;14223;4,33103949;76,02327094;4,022046663;55,81522395;4,664244548;106,0854125;977,3906676;13950;977,3906676;9975;977,3906676;19481;-0,172156407;-0,505361465;0,13683642;0;0;0
242;3,33220451;28;980,7228721;14251;4,052056386;57,51560983;3,708603593;40,79679781;4,396800248;81,1906626;980,7228721;14008;980,7228721;10016;980,7228721;19562;-0,719851876;-1,064595738;-0,376399083;0;0;0
243;3,931825633;51;984,6546977;14302;4,175982249;65,10375633;3,84200414;46,61881153;4,515023954;91,37975488;984,6546977;14073;984,6546977;10063;984,6546977;19653;-0,244156616;-0,583198321;0,089821492;0;0;0
244;4,343805422;77;988,9985031;14379;4,326968299;75,71439488;3,994428451;54,29479959;4,678583812;107,6175579;988,9985031;14149;988,9985031;10117;988,9985031;19761;0,016837123;-0,33477839;0,349376971;0;0;0
245;4,17438727;65;993,1728904;14444;4,329092865;75,87542608;4,010123105;55,15365981;4,674847391;107,2162037;993,1728904;14225;993,1728904;10172;993,1728904;19868;-0,154705595;-0,500460121;0,164264165;0;0;0
246;4,248495242;70;997,4213856;14514;4,311663928;74,56445563;3,98147229;53,59588488;4,63822476;103,3606946;997,4213856;14299;997,4213856;10226;997,4213856;19971;-0,063168686;-0,389729518;0,267022952;0;0;0
247;4,406719247;82;1001,828105;14596;4,340995734;76,78395768;4,002601139;54,74035226;4,648615696;104,4403083;1001,828105;14376;1001,828105;10280;1001,828105;20076;0,065723513;-0,241896449;0,404118109;0;0;0
248;4,158883083;64;1005,986988;14660;4,218322794;67,91947378;3,909205024;49,85929926;4,570937409;96,63465353;1005,986988;14444;1005,986988;10330;1005,986988;20173;-0,059439711;-0,412054326;0,24967806;0;0;0
249;4,304065093;74;1010,291053;14734;4,326678894;75,69248588;4,007403933;55,00389128;4,660239093;105,6613421;1010,291053;14520;1010,291053;10385;1010,291053;20278;-0,022613801;-0,356174;0,29666116;0;0;0
250;4,248495242;70;1014,539548;14804;4,431265715;84,0377174;4,106686451;60,74510182;4,809534067;122,6744461;1014,539548;14604;1014,539548;10446;1014,539548;20401;-0,182770473;-0,561038825;0,141808792;0;0;0
251;4,343805422;77;1018,883354;14881;4,452599324;85,84980565;4,120803534;61,60872708;4,786914134;119,9307069;1018,883354;14689;1018,883354;10508;1018,883354;20521;-0,108793902;-0,443108712;0,223001888;0;0;0
252;4,262679877;71;1023,146034;14952;4,436554309;84,48333609;4,110959174;61,00520412;4,765273568;117,3632197;1023,146034;14774;1023,146034;10569;1023,146034;20638;-0,173874432;-0,502593691;0,151720703;0;0;0
253;4,369447852;79;1027,515481;15031;4,225247352;68,39141818;3,891977636;49,00771016;4,558572086;95,44709219;1027,371281;14842;1027,038011;10618;1027,704606;20734;0,144200501;-0,189124233;0,477470217;0,144200501;-0,189124233;0,477470217
254;4,406719247;82;1031,922201;15113;4,327525375;75,75658529;3,995142808;54,33359936;4,670839881;106,7873935;1031,698806;14918;1031,196019;10672;1032,200149;20840;0,079193872;-0,264120634;0,411576439;0,223394373;-0,277948513;0,726181235
255;4,48863637;89;1036,410837;15202;4,390890722;80,71227921;4,046968626;57,22372735;4,742026434;114,6663302;1036,089697;14999;1035,44306;10729;1036,746326;20955;0,097745647;-0,253390065;0,441667744;0,32114002;-0,33548897;0,967777142
256;4,49980967;90;1040,910647;15292;4,425390454;83,54542154;4,128514352;62,08561702;4,780513411;119,1655152;1040,515088;15082;1039,783085;10791;1041,25142;21074;0,074419216;-0,28070374;0,371295318;0,395559236;-0,340772992;1,127561261
257;4,343805422;77;1045,254452;15369;4,342729047;76,91716374;3,988037314;53,94890061;4,685374556;108,3508482;1044,857817;15159;1044,013613;10845;1045,737203;21183;0,001076375;-0,341569134;0,355768108;0,396635611;-0,482751012;1,240839356
258;4,143134726;63;1049,397587;15432;4,244952471;69,75244477;3,905968546;49,69819157;4,556504075;95,24991058;1049,102769;15229;1048,154082;10895;1050,045483;21278;-0,101817744;-0,413369349;0,237166181;0,294817867;-0,647896377;1,243504666
259;4,143134726;63;1053,540722;15495;4,309656576;74,41492866;3,972558235;53,12025125;4,635948714;103,1257084;1053,412426;15303;1052,41986;10948;1054,422315;21381;-0,166521849;-0,492813988;0,170576491;0,128296017;-0,881593002;1,120861912
260;4,584967479;98;1058,125689;15593;4,308782888;74,34994164;3,989132862;54,00803661;4,652784181;104,8765749;1057,721208;15378;1056,60526;11002;1058,843022;21486;0,276184591;-0,067816703;0,595834617;0,404480608;-0,717333061;1,520429425
261;4,521788577;92;1062,647478;15685;3,94812726;51,83819642;3,559937607;35,16100329;4,285003307;72,60278679;1061,669336;15430;1060,515885;11037;1062,791889;21558;0,573661317;0,23678527;0,96185097;0,978141925;-0,144411357;2,131592886
262;4,394449155;81;1067,041927;15766;3,891136151;48,96648826;3,50455885;33,26676498;4,253747806;70,36864681;1065,560472;15479;1064,32479;11070;1066,814192;21629;0,503313004;0,140701349;0,889890305;1,481454929;0,227734691;2,717136696
;;;;;;;;;;;;;;;;;;;;;;
;;;;;Average;;;;;;;;;;;;;;;;;
;;;;Actual;43,89589322;;;point effect 1;0,144200501;;;;;;;abs cum effect;1,481454929;;;;;
;;;;prediction (s.d.);42,4144383;;;point effect 2;0,079193872;;;;;;;;;;;;;
;;;;;;;;point effect 3;0,097745647;;;;;;;;;;;;;
;;;;;;;;point effect 4;0,074419216;;;;;;;;;;;;;
;;;;;;;;point effect 5;0,001076375;;;;;;;;;;;;;
;;;;;;;;point effect 6;-0,101817744;;;;;;;;;;;;;
;;;;;;;;point effect 7;-0,166521849;;;;;;;;;;;;;
;;;;;;;;point effect 8;0,276184591;;;;;;;;;;;;;
;;;;;;;;point effect 9;0,573661317;;;;;;;;;;;;;
;;;;;;;;point effect 10;0,503313004;;;;;;;;;;;;;
